Hello World!,5,[],a9f7aa2f0db2a1d7e35f272463c1b41e23ac60d9,1712563075
a9f7aa2f0db2a1d7e35f272463c1b41e23ac60d9,5,[],000004890223a0a113af439f497edcf7b4717ad2,1712563075
000004890223a0a113af439f497edcf7b4717ad2,5,[],0000088128acc9b2860e6afd278f40fd10597208,1712563088
0000088128acc9b2860e6afd278f40fd10597208,5,[],00000da27f20723a8703a16e4c456dc5f36be920,1712563112
00000da27f20723a8703a16e4c456dc5f36be920,5,[],00000e332cd3c87e22babdecb6f987ee68e71b46,1712563112
00000e332cd3c87e22babdecb6f987ee68e71b46,5,[],000002f8765cae867b763dd714a4374338a7b668,1712563113
000002f8765cae867b763dd714a4374338a7b668,5,[],0000019fbcf32dc6314b5d0253aece56594c8b0d,1712563114
0000019fbcf32dc6314b5d0253aece56594c8b0d,5,[],00000336e60c63b4e76954d41a00ec7acf65c243,1712563115
00000336e60c63b4e76954d41a00ec7acf65c243,5,[],0000077970482e0fe71a61e1de3690cd2856eca5,1712563129
0000077970482e0fe71a61e1de3690cd2856eca5,5,[],00000fff36ee106e63cfd64ea2cd28551d8b2789,1712563131
00000fff36ee106e63cfd64ea2cd28551d8b2789,5,[],000006532747357faf883549172087d229ac8531,1712563139
000006532747357faf883549172087d229ac8531,5,[],0000021769cac6a88828cda7e4e64d1c2c82f1e3,1712563152
0000021769cac6a88828cda7e4e64d1c2c82f1e3,5,[<__main__.Transaction object at 0x000002EB6E2F0650>],0000005ed42fb94f81f9d06ec7005c653387e57c,1712563165
0000005ed42fb94f81f9d06ec7005c653387e57c,5,[],00000e62b2a608d3db2efe670effde94b86abcb6,1712563175
00000e62b2a608d3db2efe670effde94b86abcb6,5,[],000000e2b219e6a08669f32fc20d6efac5b64f86,1712563179
000000e2b219e6a08669f32fc20d6efac5b64f86,5,[],000006f8d0dfcdb74d59f324c3eed309443ea189,1712563181
000006f8d0dfcdb74d59f324c3eed309443ea189,5,[],00000a1f7dc92dea09e04f73c24a13584bbb1720,1712563181
00000a1f7dc92dea09e04f73c24a13584bbb1720,5,[],0000019afeb57e7926672d00053b834b4e34545c,1712563186
0000019afeb57e7926672d00053b834b4e34545c,5,[],00000c6663632c4fd994c87d4b7550eaf5a4b9ad,1712563186
00000c6663632c4fd994c87d4b7550eaf5a4b9ad,5,[],00000b9f1170af99032ad8d5c45056e3d8228954,1712563186
00000b9f1170af99032ad8d5c45056e3d8228954,6,[],000000877cfe8015485385cb962b3035e9361796,1712563198
000000877cfe8015485385cb962b3035e9361796,6,[<__main__.Transaction object at 0x000002EB6CE6EFD0>],000000070c44062e78011b0289c0cb3c0b069227,1712563263
000000070c44062e78011b0289c0cb3c0b069227,6,[],000000138ffe7e77e5963e14a498f835e289362d,1712563275
000000138ffe7e77e5963e14a498f835e289362d,6,[],000000d67e33105d556b9983fb023d561c48c616,1712563375
000000d67e33105d556b9983fb023d561c48c616,6,[],000000b6f745f71363fdb2abdac07c5abb052704,1712563392
